CREATE TABLE ingredient
(
    id         UUID      NOT NULL DEFAULT gen_random_uuid(),
    created_at TIMESTAMP NOT NULL DEFAULT NOW(),
    updated_at TIMESTAMP NOT NULL DEFAULT NOW(),
    name       VARCHAR   NOT NULL,
    type       VARCHAR   NOT NULL,
    unit       VARCHAR   NOT NULL,
    weight     INT       NOT NULL,
    PRIMARY KEY (id)
);

CREATE TABLE recipe
(
    id         UUID      NOT NULL DEFAULT gen_random_uuid(),
    created_at TIMESTAMP NOT NULL DEFAULT NOW(),
    updated_at TIMESTAMP NOT NULL DEFAULT NOW(),
    name       VARCHAR   NOT NULL,
    cuisine    VARCHAR   NOT NULL,
    summary    VARCHAR,
    photo      VARCHAR,
    PRIMARY KEY (id)
);

CREATE TABLE recipe_ingredient
(
    recipe_id     UUID      NOT NULL,
    ingredient_id UUID      NOT NULL,
    quantity      INT       NOT NULL,
    created_at    TIMESTAMP NOT NULL DEFAULT NOW(),
    updated_at    TIMESTAMP NOT NULL DEFAULT NOW(),
    PRIMARY KEY (recipe_id, ingredient_id)
);

INSERT INTO ingredient ("id", "created_at", "updated_at", "name", "type", "unit", "weight")
VALUES ('01ec31c8-c33b-4b69-b27e-9db01b1ff14b', '2023-02-05 18:33:36.93346', '2023-02-05 18:33:36.93346', 'onion',
        'vegetable', 'piece', 50),
       ('05b805d5-e436-4a38-9cd3-fba8ccda6339', '2023-02-05 20:13:16.958131', '2023-02-05 20:13:16.958131', 'eggs',
        'dairy', 'piece', 10),
       ('5365b5ce-c7f4-4831-acc9-1040ac9e81a4', '2023-02-05 20:13:16.958131', '2023-02-05 20:13:16.958131', 'tomatoes',
        'vegetable', 'piece', 50),
       ('788380d4-d7e1-4eb3-8e43-8c7cd1d6cc12', '2023-02-05 18:35:04.00877', '2023-02-05 18:35:04.00877', 'butter',
        'dairy', 'gram', 1),
       ('88214e07-d07f-48d1-b780-8873b7e2e160', '2023-02-05 20:13:16.958131', '2023-02-05 20:13:16.958131', 'flour',
        'pantry', 'gram', 1),
       ('95c8e816-4277-4339-a41a-a03165427654', '2023-02-05 20:13:16.958131', '2023-02-05 20:13:16.958131', 'potato',
        'vegetable', 'piece', 25),
       ('ff4e5d48-4622-4230-9301-e545601f3be6', '2023-02-05 20:13:16.958131', '2023-02-05 20:13:16.958131', 'water',
        'vegetable', 'gram', 1),
       ('eec7df81-d0ea-4c98-b0ad-b12f46d3075f', '2023-02-05 20:13:16.958131', '2023-02-05 20:13:16.958131', 'sugar',
        'pantry', 'gram', 1);

INSERT INTO recipe ("id", "created_at", "updated_at", "name", "summary", "photo", "cuisine")
VALUES ('941842bd-4716-4252-aabd-79a7bd419267', '2023-02-05 20:13:18.871002', '2023-02-05 20:13:18.871002',
        'Franz Brötchen',
        'A Franzbrötchen is a small, sweet pastry baked with butter and cinnamon, similar to a cinnamon roll. Sometimes other ingredients are used as well, such as chocolate or raisins.',
        'https://www.backenmachtgluecklich.de/media/2022/09/Hamburger-Franzbroetchen-Rezept-scaled.jpg',
        'German'),
       ('a5a14e5b-64fd-4bb8-8c4a-d17db47506de', '2023-02-05 20:13:18.871002', '2023-02-05 20:13:18.871002', 'Menemen',
        'Menemen is a popular traditional Turkish dish which includes eggs, tomato, green peppers, and spices such as ground black and red pepper cooked in olive oil.',
        'https://www.giverecipe.com/wp-content/uploads/2018/08/Turkish-Menemen-Recipe-photography.jpg',
        'Turkish'),
       ('aa74a71f-2aa8-4589-8194-a848ed0b7474', '2023-02-05 20:13:18.871002', '2023-02-05 20:13:18.871002', 'Steak',
        'A steak is a thick cut of meat generally sliced across the muscle fibers, sometimes including a bone. It is normally grilled or fried.',
        'data:image/jpeg;base64,/9j/4AAQSkZJRgABAQAAAQABAAD/2wCEAAoHCBYVFRgVFhYYGBgZHBwcGhgcGhoaGhwfHBwZGiMcHiMcIS4lISErIR4aJzgmLC8xNTU1HiQ7QDszPy40NTEBDAwMEA8QHxISHzYsJCs0NDQ2PTQ0NDQ0ND00NDQ0NDQ2NDQ0NDQ0NDQ0NDQ0NDQ0NDQ0NDQ0NDQ0NDQ0NDQ0NP/AABEIAKgBLAMBIgACEQEDEQH/xAAbAAABBQEBAAAAAAAAAAAAAAAFAQIDBAYAB//EAD0QAAIBAgQEAwcDAwQABgMAAAECEQAhAwQSMQVBUWEicYEGMpGhscHwE0LRUuHxI2JyggcUFTOSolNjk//EABkBAAMBAQEAAAAAAAAAAAAAAAECAwAEBf/EACcRAAMAAgMAAgMAAAcAAAAAAAABAhEhAxIxQVEiMmEEIzNCcYGh/9oADAMBAAIRAxEAPwDzekalFdFUMQ4hqoMTSwNXHWqeNh0tLIU8BXLZ/wBD+b0SwcyOdu/KskrFauYGc/wahUF55fs1eH5T5faqud4WmKQSSG2kW+Iiq2UznT4E/T+KIpjBux/N6lhy8o6MzSwyPh+RXBmFOo7sTJ/iKK4OID51XVv8f5+lKyfn2vU628spOJWEWxb3T6fn2rpG0Edunl1qiwO43HLrUmBmuTUGgosthz3/ADlVHMZEEyRMcjba/L/FXwfUVMFBvv3/AJH3FZU0ZymCwkXXwn5eo+9PDiYbwnryNXGwZ2Hp/FV8XDgbAj4/GiqTB1aInLLvz+B/PwGu/UsYt1BuPX+aj1kTp8S80O48jzpVwg4JQ3G6/uH8ijj7NklU9yPj8iL1PwzMKuOj/wBEnzMEWA5337mm8PybYjhQGg+9a8DeJsPPaiDZfCwGKsdUfsQFxPIE2B8iVHnNZLDI81vr1n0jObzGZcuCMFSffUB8Qx+1C1hG2qAB16s4s2hGXUEG7wxxMZx1djc/Jak/9cwwLI6sBviK2JPbShVfjNVm4wmJAcuy2jDVMPBSe3jufiaLbOKopbaO4dkstieHDxvGbkHDdsSIGyxAE879jTnyWVLEPjsGmAow9RnnJJ+WmnrxbDn9L9B0BvBxNCt//NBrPmSap57O4LGBg4JPR8XFn4PprPAjbegi3B8MozI+O8f/AI1wzHmE1MPUCq+QwMsxOGHZ3InQ938h4NXwqu2TcBXTLwbFXTMEx/xCyVHaaZmeKYw8Gay36w//AGeDEH/F0Ab4zWSyZS34XMXIopJOpAOuMyr5HXh6B/8AKjGTwmIBYlkixDByPJkWI7ExWeHtC+GyhUxcTDIgpisP1F7JipdhHJqfi5XCxpxMK8+8jouHjIfNNIcd70KnRSO0POA5j5U7rBHa6+RG6mh74E2jSf6Tt5g8qvcC/wBNSpm/7SfmKJY2ArTHw3qfbB6U5a2ZbQwkRI/pb7Gq5yob3ZU/0najuYyUGNvjoPbqp7UKzGGUY2MdD9jsarPI14JXGq9BjoVsRFJRX9ZHGlvF8iP4qtmMiQNSHUPmK6o5lWnpnLfDU7W0U5pYqzg8PxWMLhOZ2hG/iocxgsjFXUqw3B5VXJAZFJprqWKJgCBSkVwrqxhCKifDqxFIVoGB74NVXwoouVqJ8KhgwPw8cjeiWXzu1U8TAquyEUlRkebaNVgZqRYz9aIYWZmx35HasXgZorRbL52RvNRqDpjlTNHr6+h+1K8Hf4/m1U8tm+RqdmI2NuhqOMenQsPwehKmxkfH5Vbw8YHsetUVfpbsaUsPI8+9BoZBAY/X4/n+a5iGsbH7feqaYm0//IferYwCR6W+PKPWl6hK+Jlj7w/sar4yBuqPyYGD5irb4pW8R16UzFxFI8/29+RX1ppdC0kOws87Jod4n96iA3/PmR9OlKmIUs3oeRHbkRU2R4O7gloUDqJ69NqY+WdBddS79RvE9R+b0zkRNLwWzERBH9J2PkeR7GmY2ACDCg9VIEjzB3H4KgVwT4bHoefYdfKo3zce9y+Pl2pOr+B8r5InyqsukSBNoYwp/wBsnwnsRPemamXw4oBGwxI8PbXHuHvtR7h2ULlS8qP6gL9g0iDUmWw2dtB06lkBT4Qw2NyfK32tT7I1xxX8f2A8HLrILqjdyFkzttY2o7+o6JdiUi6PGIvYQ1+9oqDE4Ph+P9N3SLsogp1J0FYUG/u2npWcHGHDlQVIwywErFwwuBsLgWFUwIlrFYZpf/ItiYZcIN2hVkbcwCSY/wCxqPheZVW0uJ5GRceYNUcj7SYnu6ULWGok8r7WHW9E3UOpdgJG8WYWG5/dM8x1qVJPSLwkl/A1jYCOJHnqFh6jl51UxMV8Iw8kcjz/AL+YqnkM5oO5A68vUHb6UfbMYTYbFwFABLE3WO0c/n51NQx3SQ3hzjF2I78x+dqdn+DzOm45rv8AEHl3FZ/LcWVUdsJGBtDOQBJmPdmR23qRPabGUAsqOG5LrVh6mfpT9JSE7POhchwJMbEKFwAu8GW9DuPWt7wzgeFhABEH/KJY+ZryjB4o2FmHxQSFdpvcg2s3+2vVPZ7jaY4B2cbrNwfuKM0lWH/0R5lTWUG0y4WvI/bHJHDzT9H8Y/7bj4g165mM0FB2ryzjvEhjYzt+z3RPafhJn5V0PkU+EOPjdMzIFdV58pzH+PP+arnCPSqzySwVxVPpnBTxTBTlqhEdXRXClFYw0ikK0+urBIDh1C+DVsrSFaBgVi5eoAxU0XxEqjj4dBoKZLl84SQBMzWiy+ORAa/cb0K4NkhGoi5/I/PtRQYcG9uc1zX1bwdnEqU5YSRQRNj3qtmXCWJ/kUmG5WYuIk8oP87UNzqjWriDqBkHqLSOlBSUq8IMcOd3w9QUP4mkCVPIQCYEedPTPaTBV1B3VxYEH3h237d6g9nAdT6GgAglS0AyDFuvcUT4lgiJE3BmbkXuCPhfnelawLNPBWxULnxnwxZRu1wQTHY8p23qmmKUxcK3hYgQBaDqBifL5VJhI+kDUdQOkRuwMxYcxH02qk+GgxVVpV9ZiNoi0arn1+NPKBTPRsnhagEUkq4ME8ovvv2qm2GS2g9lnkSLzelyD+ACYIgA8tjPxItHSpcIhje8H8v8PjSt7wV6vr2M7xDhs4hRN41C9j27GqfDsi7Ymp4KpuTvN4Ec9jV3i2c/TcMfDrJXVYlfFpBjzj5+VCcHibDXBclomFkE7eh/zTJLqSdPJuMi0KdLAWJgneB9apZzBjS6gSt/O+3lWcHH3JMYH6fTU7QfIMv3q1hcZdiFKFieSS0/LfnHap/l4O3Pqf8A4QZjPHDxTisxVTIt/SRzmbbSKy+SwSWud9yIIPMncSKLcfecN2/dN53E7+t6t+z3BmZU8NmAPTcc/rRl4nYrSdYRPwfhDPJJL/KLmRceVFMfFTLoqvZpOk+JiTadpPbcjyrWZLJIihVNxBa232+NZf2yIIVGYIGJJcQJUAkqO5HKik08hyBs/mVwnRVYPrAJ6ANGk+szvypMfLulsV2ULBCqZif9sx6zWZw8bUSwXSoI0r0C7Dv5+dbfPqjnWxJUIrkxK+RAmZEUawnoXs9ZBuKgJLgGAu5BtBnYWCmfy9JhMwIKeO91vaBvyiKJ8dVGwlKh7gBNKm8gstgLqQD5HpScEnEUkhRipBxAd3WCA4PUbHy3tcUsmVYBusKysQpDa5UgsI6EcrEW7TTsMtgMr4akat7tJjaJMW2gVe4miKTBETIjkw2KzvvfkQfgU4fmctmETBKlXCgX90kATBBsxPXelcJrAypp5CGX4k+KgVp0Re4k/wBqqZ7hiN4kMH83H4KjTK4mC8agU/3WI5eu4qLH4soxAkkP5EXPItGne24qT46RRVPwUcwrYfhIj6eh/PShjcTWSImDE2oljM2ZMFxpEiBu/f8ABQLHyN/dPyHMx8oqsRWNiVyIDin00U4Cu880UUopCKdWMcK6lrqxhKaaUmmM1YIzEao8tga3FrT6UhlmCjnRvKZQKsc+v3qPJXVFuHj7P+CpKiCJA/L1ZwsUG31/PnTGBG/ow2NOXABuPl9v4rm9O7wf+mGVihts3MDVP8UHz/vKYggxHnNgfMc6JYWZ0kqe8nrEn49vpVDiWZU6kUauZYD+kgz8oqktoleGgl7KQcw4J8Jw2Yz/ALfvejX/AJElAS5DSSkX1LtY+fI9qyfBceMdDyMqeUgifsK1Y4iXxcMveBpK7REXPmSZ9dqFLYs+DcFDrOHibmQjxDTyVo3O8NQfOgrioWaGTFSSIBBDWA9J7RWofBOMjgMWdQrKQuxEGLb8ufWst7SwCjwQRBBn3YKsB5bijP4vH2ato25TRhJO+o+LoCLT8fnTGFo+I69qv4eJrwPc8BAgSe1+1r0KzT6NDAjoL8huD32qVfsdUP8Ay8GX9sUMElthI6SPFb1j40Q4NgL+mht7pYwBBLGSbDahXthj6lPLcx0EkT8Qa0vDE/01KSZS3nGxjlIMdopm2pI8cqraYXyeFOhtAAYgKG2MxNuYkDeoeN4AwnFwGkwU/aVMA+Zme3pStmlTQQdThVYCCYC6SV6DnHrS+0OdTEdYIkKbGIkwT58/yICawynKnLSXh5z7Tvv1YyecmCT8SK3/AAXKuFWGtBOkhZWwieZP8VgOMYRx8zh4ItLKDHKSAT0tJNeuZXDVQWtEBSLW2AieU/Snx+KOeH+TIUzGIhKEhyxsSbhYIMn4RWQ/8QMEnDMjbxDpIrW5jFIPgWNMIWtLHpBtbreKxPtxjf6ZDsdbCAtov1/OdLPuC3IvxyZ/gGVDKSwYoo1NpBLdAAADz6/KjSZsLgOgZjqUqCVbwX2Gnpf1A5V3sYqqmICfEQALTYCZH5yq1i5MoNMgL74Yi0zcEbTAJi3L1avsj/GLw9CF0OTGnUDBUANeAJ6k2HSrQdRpxMJVVkI0uAoJ2BDRuszPaIvcO4VjEqA4XUukFbkAAx5RAB3olxIQgxEhpUMUF56wDsa2DPHgPGVBf9fDXQVLLipInDZxadgUYwQ2wPbagj4Kvo8QeCNMS6kNMtNm3EXMj0qTOO4AxcMOr3AJ93SQsq8jxKRbSbiKo55mYKWWY9w+LUjKoPgYw2i43B53kTWQm08CpxVgrIXMC+0+W8mhefZswxCMwVQDBPkY+IB+BpuOpbWQdLsRpkyCQLiZ3mTfrRbBVSoAu4vYHbvy57UrpzpFMKvReC4jDCh4UoQJjlEg+WmOgqDExUc6gUE/1vBPeB2ipMXKsQCCQG3W6qe9DsXhpkzrnsLfSiuRfIOjXgLWnCmilmu04RwNOpgpwrGFria6aaxrGEZqgxXp+I9LkcscR+w+v5elqsLLGmXTwi5wzKEeJhv1+n52owggdR05+YO9WMDDAGmB3m35509stvA9DXBV9ns9KOPrOEV1EiNweXP1/mqxUqfsfp1FTvhkc/Q2Pzt8aYWJF+XM2IrLT0Myu4L+AL4jbeNPqOUT6DyqDGy2klFEg+Ha5Im8ch0AtAqxlebT7yxq3Kk+IW6EBZI6U3HcjTzgAFt5IO4ny2q868IUs7YDyblSjf0kGtScdm040EQQG0keIbyenT1Hess+HGroC0fGa0OTdtKTIVgQL+FheZjz8/KhWcglaNdwDMqmI6x4dK6TMjTuNrWkrI/pNZf22I1NoWVIK9lAAM/Xb6VawXxVDJIhRovI8MERNgCCeu8wSCBVbjLa8ITpBYMSLnZT1uNjRT2kClps2ns26tl1KsGDID1A2MCw78uVC3EsyGwdiOoVhJHmLfOmexbM+WQMuk6QFIjxKDY9rC/96qcVzOImKysObQALkTZgZgxta9Sv0rFdZ/5B3tDgk5WSujmV7gNPpcepon7G52cAswC6hFtlYEgHqJMHsQaE8cx9WBqJmQoN+UX27xVn2Iy+nCgtZ1JKHe5sR2gn1im/2gj/AFDT4jBlLIASs60O0gbjpz85rM4qMCHkkL7ogGBFr8yLRR7OZghC6jSdIXEttG3nF57TQXOqEwm0kmQTt7siSZnlf4CkSyV5aa0A+CYRxc9IAZVBkn3dRDRP/a/pXpmUdyFAAHiBMhrgDlt25nnWI9gMthqjYrQzMxCrGogKouBeYJPKt1nM6GbUZCiBba4N/ptVLaRLglsE/rHW5k21gRzMkDfYkkntWE9psZ3ZNfvWkEkxF4v2+tbhzq1MDpUks07b7X3P81geK4mvHOwCgmO+w+lDj+y3+JxqUHPZ1AiIxtMgHe5kxbsDWk4iJUKFJJB32J5R5kDmLeVZfIM+Gqj9h0m4kSF39JNabJBXR9TFgqxLNNiJAEAaW25T8qbJzP7KOUxGw9SwB4YRSulYYT4WWZMknnIPaaMYC4egB00EEAAsTM/0yNvK47Sahz+QQo6kOzDxBvFssgQdgYHPn50PDY4SS2pElZUi0EiSCPn06UPAekL5RkZ9SOyEyIh4O8bkwQRHqKE8XzxdAoJlJCAg/u5MZ2sLdqO4/EgjKRDa1BIvoBJiwJGw3/vQfjBw3Bc6i7QoGk6XC/unqBFyeXrW8eQ/wqYnDQFDMwMAAKBBLEBjF+RJE9uV648ORyL+H3RJJgkmCZO3n1q1k8u5wiWLFRebnSF7nz27m1WcrkCAh1i7MApjmCZUmxgiYPQxFJV5egqcF/Aw1TA0eEG4AABBUkmek3+fagxxZJ3sSNunW29SphPhJCjXc6j2IN9t9+VBcXPrPukxaR2tSpZHzgHU+mU4CvRPNHUopJriaxjjTXalNV8RqARrkkwNzatFwzK6FBtPL7+nltVH2eyQdtTAEeewm9aPEysWEx0+9cvNeX1R2cEYXZkOHiX69Z/Pnt9amXEjn63t/H0qEodzPY/4pBe3wjYj7flqg0mdKZIWBs1jy7+XI/Kq2Zw5UgHse350+FSnbqOan+PuLUwOCfD6gm/of5mgk09BeGtlf9NkRYIOkDw8wex6WqJsYPMCOoNv8iruOvhsJnyB2O/9qoJl0cr4tUkiLgryE+f2qk1liVOFoEx43XreO99q03sjha1EmFQk7iJkct+nyoDncIpiKDBIBE7Ew1567m/aivs1jaQ4LMo1yNI56b30nl/NVenlkZLvEcxpZwCfdi0HVpYXBm/UC1ud6G42JqW5AJwmGk2QljOknyFvPnepfaDOAmJJVdp0tpiRGojVyERas9m/1H8MQDOnYAzE3/dysJjtRW3lC29Hpnsc6rlsPSwawMTOmZJFuQmPSncay6YpCuLJc6fCVBEzvzEbCareyv8A7K/pgLZWKx4fdE2Ox59OdEcwpBQwbgyRyAB3nlUaeaOqZSjZg/aIFECTGvTLTIibH7+la3IppQKyxogK6xGwU+XL8FZ72twVP6YZT4mUeETIkAwOe9utbPK5NRhJhl9eoEFoiVj6QQKL/UnC/PQLzbOGBJuwBjk48IJPUj7x5BvaRwuC6qCI94778p5eXnRHOqWZVJM4Z8JETHMXtfn3AoP7VEMMPCHgDMAdtidz1N60h53ssezuWGCMMuQpVSCJgEsZueZ/vWnfNrbk1pLC3WYP2oZlv9NVYprYnxTJI2i2w/LUSfNWGvwnuL/e9Jbyzo4JUz4DeO5wBOZsWBNtrA25SbDnasLhDUSQZ1GzdYFH/aniUj9NR70AcyT+d6E8By4I13KgEBuQYmwk9B9arKxOTm5K7Xo1OUxQ+EVgDQDphWiQAXDE7nTPUbbCrWSUSXATSdgSp6dTCkz6dapjGcIEayA6is3J90C5gdfnerGDmtIRASpJiVkAAgGBJsSYPLrsRWQjDIxGOnWjLIOsqUJ6/wBUgWBt0qpjqwYalYBrOQRDi4MwbxboTem4Wew8OzJDiLBr9fKJnczyoNmMwMTWdIVwrQjCEDA2jlff470WxUiDiIDF0ICkMYE6QRDElelgvnIiiHBcq4dGZhp0MVIPivqHiHLleOl6r53K4TJhsq6WbTABIjcsdJG0ARy3ireQIwyhSSx3PK4vqk3A39alVY0VmcrIQymSHjQn3gbxAuCD6338qgLLh4Wj+kQCIgQZFvWZgdKMZ8alACnXEGCYNvv06UC9oHRMNCVLQLptyJj5UmHnCNnWWCMTipDoxuNRM7zNgT1mT8Kp5rKZdnZkYqCSSAZEzfnbyoeja0kEQSdI2MqP3cunPlU+XzeGFAIv6c79e9WU4EbyDRThTRS12nAOrqQUtYwxqqYpq4wqtirQYR/DOMHCIU3Sfr9a2mQzyYqyjybWJuK86xMOkwcZ0MqxFRviVbLRzOdfB6m2COdpv27+X5tVTGyhW6+IdOY8j+edBeEe1QaExrf7vzatVgurCVIYdRuLc/5rmqan065ua2gQWB/v+WqHFQH8+v8AIo5mcsrRb1EfnpY0GzOGV5T0I/L0ExyJHJgDcEEg7kT150/MoC+oAKBJvM2uL7+t9+VV1WRIsQduvP0NJmcclDe8cxfbn15XpkjMH58Euk7lC1xyLPBPmOfOrHBsUhcQcrcmJHKYG55VWzoCsm4bSVaAIYAypHe7AjlApMlihGezEkAIBN2Ntp3qjWjnT/IldmxGE3VN5O3b86UzFwNQdwtkCstoUy0GALrci67TeiC5PSGDSTqKsZBlzY7W3gAz+2l4bg/qHQW8AAdZMkFhp0z/ANQY7UU8bC1lYNR7MJpy2GSJPhDAcgYUelp9aI5/FAMA+6GP/wBhB+Rqlk/9KVY+CAVkbXDT3uDU2ZxcMJqJBYzG+uCQYHY1HLZ0NYlGc4kofM4Sk6oLaQLQFkr02keZtWqGERcQwVWsJkXkx8+htWPy+ZDZ0NE6lZVJ2tpEcxcgVu2nSo2Mb8pET5SJpqWheL9mZ7MJfVvpBK997E9LG96zuMv62aw1AbwgsRawHhve0n850az+bVSUJ0iSUYi0NGoeYNvh3oHwHJNi4zvrZcInRyl+ZWOnuydrxRlYE5H2pGmxUOmEAeIuLKQOg3v1270uMithkAEbXmY2MS0nb7Vcy+EyAqIHKS0m0xeJodxZwqOdOmQdRmBJJ8K/M+hpEss6qrrGDDcSzGpnaZVA2nzeUA67Sf8ArRXgiFcC8AFpHOLEbH853oFjLqWZAZ3JAP8ASuoA97yI6kVphioqoiamjoIi43tB9OlVp4WDhnbyW0zAAAPhIkA2MzHMXn6R6U7GxbkyXI/dEDp5zTM/k9en9JcTUCfeYEMB2AF+vrUWBrVghI12LEyYi0xtYciaR0vsZJ/RFncMqYdSJvJvMWtHQn5U3BckOJEkKDzvBKwfI386l4tlcWQVYkaREwYgkWnlYW86iy2FpUKrmblyDvMzf5R3pXS+Bpn7COVwS8F7ELZZAnYW7/xVnEzDuyKsQIlyLiLQoi8wegtQ/J59dellIAlZM32uARBHx+FXDmEQWUkj3YBmDqtC32i9I02xlUmizOJoQkRYwJ3O5kfOsdxTNq+ssSAq+HTJubSTNhvvaT6U9eJO3hGogwJaQFi5ifLlyFD8gml3VxHIQARsDteYkXF7VWJaeWSqs6RSyzeBQPPzF7fUW6VFirfdL38W47G9EsfKsFaLqCpgxqjmAZi29+Yodi4i2vNt79TVkhclVaWmzTq6DjFFdFIKcKxhIqN1qamEVjFZ8Oqz4VEStRulDAQU2HV3h3F3wTYkr0n6HlTnwqrvg0tSn6Gaa8N3wrj6Ym5uOWzeoG/mKI4iq4MX5nqO4/Iry0SpkEgjYijvC/aNkIDz/wAhv6j89a574fo6Y5/s0WPlmX1+B5+h7ioNUHxjnY/3q/ls6uIs6gR8v7fnlUpygYSN+hO/keo6VLa9OlNPwzXFEPhYAmDHnMX+X5vXZLG8Q0jxTEmwBjvR7EysbrteOfT88qrLhLqJA37C4Ox6Tvb6VTtlE3O8jcPNaUgr7oYDaSR4oJFnW/OCJqfhPDS84uEdD/0z4WXlI+Nu/aaqZnB1KQuwBgi8Hr17+lJ7PZ5ktqiLHsRYg0X+uha9NAeI46ADEwdQF5Q2PoR96GcR9o/AQuEyX3Mb3/p/LUdXjKMPGB9qy3FOIJiHQgudyLxaSbxMCehtU8pvCG3jJe4JiK64eOFllsw5lhaYo/nOLKFtc6YG0zzJnz6ViOAYGZR3XDhgDJVgVU90a4rTK2Iy+PLsp6Fkb6NTVOA8fJheA3iWaVcPELHxgjTaIJJYnaTV32QwAuXQzBdtRPO5JCr2iO96xHGs2+t1KlLm1br/AMPcoTha8STPhTVsNIAAAPL+BvTYfURUnZpVw3YHwqF3F4jaQT8bDrWI9r88W2MzZRzJjTYDvat1mcUIsC2qTBNlEdeljXmGLnC2KMRlZlSStrEXXX5gz2kGhElOWsrBRzuVKHDXmoAYC8SwJNu5PwFGFzDKWCLZNN46nkfT50Iz+YGIx0gkBrk8gWZ+XQsBParuXzbpp8AhvExvI6edHkSbI8bayNxeJY7tpUhV5tEnzvtV3hTqklzc31G7NaN+e9V9WvW7WjvJPTf4VJlsu+guykqTAZth9utTxkqngbmeJ6VN5PiCm50iLDpPPrUuHjhE8UXFrje1jadpqxmcj7pLBwSTPmVUA+K3fnVRMlha/EVUC1x7xYwIhp6W3uelN0yL2ZDmOIYZ3YqdVxFhzF5mQalxM8Wwg0k6BpIHSfet+29x58q7AyKOzppDAMviYlGjSSdzyIgfGqmayjYL+BiUMiA0qbXBjtFqbpoSm28l/LZqwbTKg2n3pPMRex6belR5zGOr3ZdSsgT+4NKkC0+7PptFRDHYFQQChOzHksFlEm0Rtabb12Uwhhl9Ym8zGroZsQTzE7eVPM6A6yWHxg+lgWINnABJFl9bMPhQzieRBZdJVgFABtyJq4jAu5VtPhJBAjV4bzqJ6bXvvSHEQ3YX3/8AbIibxve5N6IAYK6kBpRVzlHilptLNYwopTTQaWsY6K4ilrqxhhWonw6sRXEVgg98Kq2JhUWKVA+FQwYo5XNPhNqQkVreDe0SN4WIRjuDdW8uhrL4mDVZ8OKnUKh5tz4eqo6YgjY8uvx2P5NV8TIkSQb7QbH871g+H8afD8LeJOh5eR5VtOE8aTEGmdQ6E+Nf5rlrjcnZHMqIsXKOsss33Fp7/g60IzGUliwlSeYkT5xWwjzj+qPz+b1WzGSDTtJ3t9Rv60FbQ7SZk8PBxIJ1nT+4xMCQJMCYvyoimGjDCUELMgEEBgQsySN5IeJ5RTsTBdDa3K97de4qhmyj4iIxKKLgjmwjn61WcbZOljRrclkmQL4/DFoAJg33pvE8QDDJ8TPMC5ie8cu9Ucmye4GmLkTMfO1U+P8AFxhwgWS1wRvyF/Wp5y8IbxZYGzGEcTGVARqvI5xpJI9RW+4JmiuFoZdFxJF9UDczziBbtQTC4AoxExQGLX1KTcWsV/Od6N5LEBaB7w5bHsT8PKj8YBOnlkXtC2JiAlRCGfH05fGDv/NZTL8QRAMPEQBVPhPOC06he6zO2xA3rQcczDgphsGQagF5qzEiNuXXeh+LlkIEqrQTpJAkeKRp5HzHz5vItvO0Zjh7qzOGm52G+7Ei3p8KJvm0bwmQByWJgdL8h3oUhQ4jsDpEjSdpIIk+UiYqVWWSRqaQYKj3W5b8je3L5U1LYkvQWzrq7BUcABvDbSokbSdhvv0+CZDOI4/SxAV5HSYMiB5bTaLxvQrGxHs4VgSIJAIJItqIHM7X6nrSBwtz4f8AkGi8TAUHpG45Vg5DuZy5AARyVO6kAH3hpmwkiT8aGYeK6ahqMmJDBbja1ouPORTsviILhsVyNh4FFx5lgJ5du1KueINsJEN/E0sSQDtPP160G38IXsXjj4hAdA2ldwYA2i0ReOQmocfNBgSSgEgBdtpvMxMfeq+ezg31NiSAL20xIt0kdunrC2MznSY0iCbEzsLTvy5U2/kZDsxhI5HIiIIYAjvbkJ3pzOykgvJUXJINhG55iokQg+AEiLqY+WqYrnVy28G8XE8rHSvW8bUQY2OzOMAQzaZEFojy0hTuI/mhmLnyd5sIFzty+Vazg/CcJml41kyrNdJ7g2+NX+LeyaYuJr1jDJAlRtPUdtqVUmM5Zi6cKaKdXScQopQabSzWMKDTqbXTWMPFLTVp1Yx0UsV1cKxjoppWpBXRWMV3w6rvg1eK0xkoGBWJg1CjMhlSQRzFFnw6rYmFQaCGeEe1JEJieWrl6j+K1SZsOAyQecDn/wAf4+VeZYmFUuTzz4R8JMcxyNRviT8LxzNenoGI+qfpGx8uX0rLcdwzIO/+I/iiGQ4+uJAezd7Hyn93kaJYuAjiYF+m3r0P5eorMvZ0ataAOVzPgAFu80zM6sU6ElmjlAjkT5Xoi/CEkwLHlzH80Kx0fBcOgj6EdPy9aUs5QKVJbNnkcRwgDNEASCZIIHJhvBvNVeO2UuDDbmwZCdwSpsDPMQaGZL2kQWdCp63I+X3qvxXNPmDpRW0+UC1/EdvQ02NgT0TZHNZllww98NXD6gwYtBDAETbkeRirufzKohLCzSIA3Y3jtMEztMSBep8orIgTcBUDqTbmS3ncgEWgLflQ32jSU1CQVadM2526RB37bUy90avxkC5Arp0kbgXtY/k0TxCyqYSQBuu45yQL/wCKE5fF1Dn1tfzEdrVfw8QiQDK7rabHo1vhWayBUkiJc4GOzAbSDvUOkSVYgzMGedt551ew8EMwmzRIjfb9pBE2n5yKpPgqQCBcbq1u3Pv9KZJIDpsfh4gChTaIOkLcTBkH0HPkOVK7q5kzBiRJGoixJ894ikdEUKp8LQJIawB9etRlVhTqbaYkWAMGYv6xWznQPCUGNwByv0AtHXl8qeqGYkWOwM87eVUWxittViSDIExyEm9c+eO6xPPf5dOlEzZfLRMRcgQAAx/tU2FhlCSw33+1F/Y3JYbePExFDsdISNTkDtsAd+dq9HyfAcJRIRPM3NRq/hbGWFtnmeXxxyuOhq4nFMZRCYkLyHTtW445wJXUaLdRAWB1kCfkR9aE/wDpoXwthYJItsfnBgnnMDfapOn9FpaaPKxTprq6vSPMOBpZrq6sYWa4GkrqxiRTSzXV1YwopRXV1Yw4UtdXVjHUkV1dWMNZaiZKWurGIHwqq4mDXV1AJVbDIopwzjj4RhiWXY8z866upKSY0009GxyWew8USpF9xO350N/PalxuH6xe4+P+fr2rq6uSvxejtinS2URwfTcCfgf8/UVbJTQy2GpAoUW0mRO/W59e9dXVuzHUoqNm2BSQCyQOYDRbxRzjn2FU3DPIJjzkfT7D0rq6nTBSQJzPDCplZUESNUAx5fx0NQYDuCRYx511dVPg58bJSz76THXTP3N6kzGIoCBkYE/ubVEA9+Qrq6gZ+Dcq5UlSmqbrz23j+KXLZUuS0aVJgczNrc66urARpslwF9J0oC8CSZcT0MCJipOKezOI6FgySqklQWWwBJAER1tNdXUE2VqVgEeyfGDlsSWEjZ+pUWEHt07eVe38NzKYmEriVDCVJIuORt16UldSYXZgf6ogz+KVm57mOXesXxDPOHgAAQNzc232t5UldXK90y3H4f/Z',
        'American'),
       ('ff7bcc42-1d86-46df-8eb3-3d831f95b5ee', '2023-02-05 20:13:18.871002', '2023-02-05 20:13:18.871002', 'Omelette',
        'In cuisine, an omelette is a dish made from beaten eggs, fried with butter or oil in a frying pan.',
        'https://www.simplyrecipes.com/thmb/uNATZfyaaqklde2rDSXhDlWfXUc=/1500x0/filters:no_upscale():max_bytes(150000):strip_icc()/__opt__aboutcom__coeus__resources__content_migration__simply_recipes__uploads__2018__10__HT-Make-an-Omelet-LEAD-VERTICAL-812f32afcf76474681217c82b654b6e9.jpg',
        'French');

INSERT INTO recipe_ingredient ("recipe_id", "ingredient_id", "quantity", "created_at", "updated_at")
VALUES ('a5a14e5b-64fd-4bb8-8c4a-d17db47506de', '5365b5ce-c7f4-4831-acc9-1040ac9e81a4', 2, '2023-02-05 20:13:18.871002',
        '2023-02-05 20:13:18.871002'),
       ('a5a14e5b-64fd-4bb8-8c4a-d17db47506de', '05b805d5-e436-4a38-9cd3-fba8ccda6339', 1, '2023-02-05 20:13:18.871002',
        '2023-02-05 20:13:18.871002'),
       ('ff7bcc42-1d86-46df-8eb3-3d831f95b5ee', '05b805d5-e436-4a38-9cd3-fba8ccda6339', 2, '2023-02-05 20:13:18.871002',
        '2023-02-05 20:13:18.871002'),
       ('ff7bcc42-1d86-46df-8eb3-3d831f95b5ee', '788380d4-d7e1-4eb3-8e43-8c7cd1d6cc12', 30,
        '2023-02-05 20:13:18.871002', '2023-02-05 20:13:18.871002'),
       ('941842bd-4716-4252-aabd-79a7bd419267', 'eec7df81-d0ea-4c98-b0ad-b12f46d3075f', 50,
        '2023-02-05 20:13:18.871002', '2023-02-05 20:13:18.871002'),
       ('941842bd-4716-4252-aabd-79a7bd419267', '88214e07-d07f-48d1-b780-8873b7e2e160', 200,
        '2023-02-05 20:13:18.871002', '2023-02-05 20:13:18.871002'),
       ('941842bd-4716-4252-aabd-79a7bd419267', 'ff4e5d48-4622-4230-9301-e545601f3be6', 100,
        '2023-02-05 20:13:18.871002', '2023-02-05 20:13:18.871002');
